Card_Brand,Gross_TPV,Total_Fees,Net_Profit,Margin_Pct
Visa,1508382.9999999979,24859.14,1483523.86,98.35
Mastercard,881235.56000000029,14552.83,866682.73,98.35
Amex,588106.1999999996,19737.38,568368.82,96.64